repo_id,repo_name,repo_url,event_id
6296790,spring-projects/spring-boot,https://api.github.com/repos/spring-projects/spring-boot,23487963576
525860969,gurram47/AP20110010620-CS306-L,https://api.github.com/repos/gurram47/AP20110010620-CS306-L,23487963624
350706029,afbeltranr/Agrilab2,https://api.github.com/repos/afbeltranr/Agrilab2,23487963529
226399669,CMSgov/cms-carts-seds,https://api.github.com/repos/CMSgov/cms-carts-seds,23487963558
521980272,casdoor/casdoor-chrome-extension,https://api.github.com/repos/casdoor/casdoor-chrome-extension,23487963581
438998478,mnw1020/obsidian,https://api.github.com/repos/mnw1020/obsidian,23487963532
525362201,ikjo93/Data-Structure,https://api.github.com/repos/ikjo93/Data-Structure,23487963524
500139646,Gabe616/ObbyCreatorMusicList,https://api.github.com/repos/Gabe616/ObbyCreatorMusicList,23487963526
268298723,BadProfessor/INL,https://api.github.com/repos/BadProfessor/INL,23487963492
399546191,ALMA-FUNDEGUA/vacunasgt,https://api.github.com/repos/ALMA-FUNDEGUA/vacunasgt,23487963504
512700417,morpho-dao/morpho-utils,https://api.github.com/repos/morpho-dao/morpho-utils,23487963536
525860287,Diyouf/newpage.github.io,https://api.github.com/repos/Diyouf/newpage.github.io,23487963495
522510250,tiltingpenguin/uyuni,https://api.github.com/repos/tiltingpenguin/uyuni,23487963522
525859727,igrek-ovs/igrek-ovs.github.io,https://api.github.com/repos/igrek-ovs/igrek-ovs.github.io,23487963444
509700187,TeamDearToday/Deartoday-iOS,https://api.github.com/repos/TeamDearToday/Deartoday-iOS,23487963462
138224079,modin-project/modin,https://api.github.com/repos/modin-project/modin,23487963480
495043847,na4zagin3/satyrographos-repo-alpha,https://api.github.com/repos/na4zagin3/satyrographos-repo-alpha,23487963457
525476229,xsidc/monmiao,https://api.github.com/repos/xsidc/monmiao,23487963413
435120097,kkukelka/nft-gallery,https://api.github.com/repos/kkukelka/nft-gallery,23487963429
484665561,Sidalvik/005-Sidalvik-FrontEnd-Cargo-project,https://api.github.com/repos/Sidalvik/005-Sidalvik-FrontEnd-Cargo-project,23487963448
483328134,qJkee/cluster-config-operator,https://api.github.com/repos/qJkee/cluster-config-operator,23487963440
138224079,modin-project/modin,https://api.github.com/repos/modin-project/modin,23487963411
399070715,majacQ/juicefs,https://api.github.com/repos/majacQ/juicefs,23487963456
45356931,bwmarrin/discordgo,https://api.github.com/repos/bwmarrin/discordgo,23487963426
176802984,RedHatInsights/rhsm-subscriptions,https://api.github.com/repos/RedHatInsights/rhsm-subscriptions,23487963471
525860966,wwwuuid2com28/22_11948,https://api.github.com/repos/wwwuuid2com28/22_11948,23487963425
409344435,google-test2/signclav2-probe-repo,https://api.github.com/repos/google-test2/signclav2-probe-repo,23487963368
86929735,Lombiq/Orchard,https://api.github.com/repos/Lombiq/Orchard,23487963384
525552996,HARPHUNA/grpc-SwiftPM,https://api.github.com/repos/HARPHUNA/grpc-SwiftPM,23487963376
288543809,khurtwilliams/microblog,https://api.github.com/repos/khurtwilliams/microblog,23487963366
523499555,emineliyev/mtv_project,https://api.github.com/repos/emineliyev/mtv_project,23487985360
47574295,cncf/toc,https://api.github.com/repos/cncf/toc,23487985346
47574295,cncf/toc,https://api.github.com/repos/cncf/toc,23487985321
518116339,Hatthatteryhathat/LearningStuff-codelex,https://api.github.com/repos/Hatthatteryhathat/LearningStuff-codelex,23487985350
518116339,Hatthatteryhathat/LearningStuff-codelex,https://api.github.com/repos/Hatthatteryhathat/LearningStuff-codelex,23487985373
518116339,Hatthatteryhathat/LearningStuff-codelex,https://api.github.com/repos/Hatthatteryhathat/LearningStuff-codelex,23487985331
294616630,alexis-luna/codeigniter4-auth-and-user-management,https://api.github.com/repos/alexis-luna/codeigniter4-auth-and-user-management,23487985353
348289466,vacseeker/vacseeker.github.io,https://api.github.com/repos/vacseeker/vacseeker.github.io,23487985271
525468623,IOTJuly2022/Oniwaban-Frontend,https://api.github.com/repos/IOTJuly2022/Oniwaban-Frontend,23487985289
7895941,scala-graph/scala-graph,https://api.github.com/repos/scala-graph/scala-graph,23487985292
496556366,hackclub/assemble,https://api.github.com/repos/hackclub/assemble,23487985343
181560846,tesseract-olap/tesseract-ui,https://api.github.com/repos/tesseract-olap/tesseract-ui,23487985312
518116339,Hatthatteryhathat/LearningStuff-codelex,https://api.github.com/repos/Hatthatteryhathat/LearningStuff-codelex,23487985326
522104148,Vlynn01/Bai-tap-MD1,https://api.github.com/repos/Vlynn01/Bai-tap-MD1,23487985276
513139142,svilkata/computer_store,https://api.github.com/repos/svilkata/computer_store,23487985280
523970273,restlessronin/lila-reports,https://api.github.com/repos/restlessronin/lila-reports,23487985281
525129775,markus-k/go-echarger-api-rs,https://api.github.com/repos/markus-k/go-echarger-api-rs,23487985272
525861309,lauretteisingizwe/new-wallet,https://api.github.com/repos/lauretteisingizwe/new-wallet,23487985270
477668666,spdtf/terraform,https://api.github.com/repos/spdtf/terraform,23487985293
47574295,cncf/toc,https://api.github.com/repos/cncf/toc,23487985250
75224144,openshift/release,https://api.github.com/repos/openshift/release,23487985234
500139646,Gabe616/ObbyCreatorMusicList,https://api.github.com/repos/Gabe616/ObbyCreatorMusicList,23487985254
181560846,tesseract-olap/tesseract-ui,https://api.github.com/repos/tesseract-olap/tesseract-ui,23487985231
518116339,Hatthatteryhathat/LearningStuff-codelex,https://api.github.com/repos/Hatthatteryhathat/LearningStuff-codelex,23487985242
125008594,ColoredCow/portal,https://api.github.com/repos/ColoredCow/portal,23487985209
227561999,reapit/foundations,https://api.github.com/repos/reapit/foundations,23487985185
396935505,Mean-Finance/dca-v2-core,https://api.github.com/repos/Mean-Finance/dca-v2-core,23487985187
34167510,transifex/openformats,https://api.github.com/repos/transifex/openformats,23487985213
390774959,KatGGS/KatGGS,https://api.github.com/repos/KatGGS/KatGGS,23487985184
414147614,bret99/vkontakte_scan,https://api.github.com/repos/bret99/vkontakte_scan,23487985178
514690004,MemsourceTesting/AS-e2e-api-tests,https://api.github.com/repos/MemsourceTesting/AS-e2e-api-tests,23488007867
488121371,mshodge/youshallnotpassport,https://api.github.com/repos/mshodge/youshallnotpassport,23488007871
525860679,Shadow1221a/Bugs,https://api.github.com/repos/Shadow1221a/Bugs,23488007894
525861128,Shikharcoder/C-123-Project,https://api.github.com/repos/Shikharcoder/C-123-Project,23488007886
525861642,bagantatiana/bagantatiana,https://api.github.com/repos/bagantatiana/bagantatiana,23488007941
525033894,kunedev/kune-discourse-basecomponent,https://api.github.com/repos/kunedev/kune-discourse-basecomponent,23488007824
413138123,rlwilliams34/google-research,https://api.github.com/repos/rlwilliams34/google-research,23488007819
416432811,udanielnogueira/udanielnogueira,https://api.github.com/repos/udanielnogueira/udanielnogueira,23488007807
520238237,kernel-community/goerli,https://api.github.com/repos/kernel-community/goerli,23488007835
525858098,JayaPolanki/frt-project,https://api.github.com/repos/JayaPolanki/frt-project,23488007809
410004573,Lombiq/TheResumeTheme,https://api.github.com/repos/Lombiq/TheResumeTheme,23488007842
388772917,jekhuz/jekhuz,https://api.github.com/repos/jekhuz/jekhuz,23488007844
332031783,iamruveyda/KBU-Logic,https://api.github.com/repos/iamruveyda/KBU-Logic,23488007825
400147654,drmingdrmer/openraft,https://api.github.com/repos/drmingdrmer/openraft,23488007865
288543809,khurtwilliams/microblog,https://api.github.com/repos/khurtwilliams/microblog,23488007821
525837168,spamalot22/serverless-instana-wrapper,https://api.github.com/repos/spamalot22/serverless-instana-wrapper,23488007797
523895419,Master-Stroke/Master-Stroke,https://api.github.com/repos/Master-Stroke/Master-Stroke,23488007810
525861640,jaamanu/My-Personal-Professional-Portfolio,https://api.github.com/repos/jaamanu/My-Personal-Professional-Portfolio,23488007799
525861639,Robdep818/First_Html_Page,https://api.github.com/repos/Robdep818/First_Html_Page,23488007815
525861259,Xnerro/money-manager-api,https://api.github.com/repos/Xnerro/money-manager-api,23488007748
499932232,bj5nj7oh/bj5nj7oh,https://api.github.com/repos/bj5nj7oh/bj5nj7oh,23488007803
504997209,kherrick/soylent-news,https://api.github.com/repos/kherrick/soylent-news,23488007753
520938759,Sagar-contrivertech/yo_testing,https://api.github.com/repos/Sagar-contrivertech/yo_testing,23488007776
525851500,luceteeun/espoir,https://api.github.com/repos/luceteeun/espoir,23488007781
69051421,platanus/send_grid_mailer,https://api.github.com/repos/platanus/send_grid_mailer,23488007743
503306301,senseteq-io/senseteq-landing,https://api.github.com/repos/senseteq-io/senseteq-landing,23488007745
525833130,tasuku43/php-mermaid-class-diagram,https://api.github.com/repos/tasuku43/php-mermaid-class-diagram,23488007751
390310800,letphilippe3/grport,https://api.github.com/repos/letphilippe3/grport,23488007758
525540976,samirmarey848/ping,https://api.github.com/repos/samirmarey848/ping,23488007754
512295715,igorbk202/Projeto-Git,https://api.github.com/repos/igorbk202/Projeto-Git,23488007738
520238237,kernel-community/goerli,https://api.github.com/repos/kernel-community/goerli,23488014775
183910394,moppspace/moppspace.github.io,https://api.github.com/repos/moppspace/moppspace.github.io,23488014835
525809133,FX31337/FX31337-wasm,https://api.github.com/repos/FX31337/FX31337-wasm,23488014776
494995936,scriptzteam/badIPS,https://api.github.com/repos/scriptzteam/badIPS,23488014811
463636623,Rayato159/eyepacs-front,https://api.github.com/repos/Rayato159/eyepacs-front,23488014823
525861687,wwwuuid2com28/57_11953,https://api.github.com/repos/wwwuuid2com28/57_11953,23488014790
81810486,antvis/G6,https://api.github.com/repos/antvis/G6,23488014819
317845893,portefaix/portefaix-hub,https://api.github.com/repos/portefaix/portefaix-hub,23488014824
525861731,hughmum/Java,https://api.github.com/repos/hughmum/Java,23488014774
177839194,microsoft/vscode-remote-release,https://api.github.com/repos/microsoft/vscode-remote-release,23488014739
525009005,Chris28-bui/Crown-clothing,https://api.github.com/repos/Chris28-bui/Crown-clothing,23488014693
438699285,ewquon/SSRS,https://api.github.com/repos/ewquon/SSRS,23488014738
484628799,pascal65536/kompoblog,https://api.github.com/repos/pascal65536/kompoblog,23488014721
521245400,kenobiwins/team-project,https://api.github.com/repos/kenobiwins/team-project,23488014712
443946633,BatmKey/douyin-api,https://api.github.com/repos/BatmKey/douyin-api,23488014704
511161013,AmishAlvi/CowChef,https://api.github.com/repos/AmishAlvi/CowChef,23488014702
504768904,GayathriBS25/Case-Studies,https://api.github.com/repos/GayathriBS25/Case-Studies,23488014728
371501013,macmillancontentscience/torchtransformers,https://api.github.com/repos/macmillancontentscience/torchtransformers,23488014709
525861732,MrCarpi/Expanding-Cards-Css,https://api.github.com/repos/MrCarpi/Expanding-Cards-Css,23488014769
525476229,xsidc/monmiao,https://api.github.com/repos/xsidc/monmiao,23488014740
91594105,ansible/awx,https://api.github.com/repos/ansible/awx,23488014725
67433627,Nexus-Mods/Vortex,https://api.github.com/repos/Nexus-Mods/Vortex,23488014708
2310495,ceph/ceph,https://api.github.com/repos/ceph/ceph,23488014752
506631492,SmallPigPeppa/cassle,https://api.github.com/repos/SmallPigPeppa/cassle,23488014635
371422187,MiaoMiaoYoung/MiaoMiaoYoung.github.io,https://api.github.com/repos/MiaoMiaoYoung/MiaoMiaoYoung.github.io,23488014633
50386243,18F/identity-idp,https://api.github.com/repos/18F/identity-idp,23488014680
50386243,18F/identity-idp,https://api.github.com/repos/18F/identity-idp,23488014638
518935066,htmlacademy-adaptive/1719055-sedona-26,https://api.github.com/repos/htmlacademy-adaptive/1719055-sedona-26,23488014647
523548128,nancyscip/Back-Portfolio,https://api.github.com/repos/nancyscip/Back-Portfolio,23488014662
250208038,vpnsuperapp/fast,https://api.github.com/repos/vpnsuperapp/fast,23488014629
75340147,350org/ak_intl_v3,https://api.github.com/repos/350org/ak_intl_v3,23487929637
525526680,yousabu/ansible_rhce,https://api.github.com/repos/yousabu/ansible_rhce,23487929676
512700417,morpho-dao/morpho-utils,https://api.github.com/repos/morpho-dao/morpho-utils,23487929674
525851446,BR-Junior/crud-com-vue-e-quasar,https://api.github.com/repos/BR-Junior/crud-com-vue-e-quasar,23487929661
505029866,predictcrypto/pins,https://api.github.com/repos/predictcrypto/pins,23487929682
525845306,kazukimikami/reservation,https://api.github.com/repos/kazukimikami/reservation,23487929673
274724694,dendronhq/dendron,https://api.github.com/repos/dendronhq/dendron,23487929588
523780252,tiller1010/silverstripe-spam-module,https://api.github.com/repos/tiller1010/silverstripe-spam-module,23487929636
524701461,sozysozbot/mikanos,https://api.github.com/repos/sozysozbot/mikanos,23487929580
164541747,moiify/AutoGreen,https://api.github.com/repos/moiify/AutoGreen,23487929591
524655561,Callithrix-omics/Callithrix-omics.github.io,https://api.github.com/repos/Callithrix-omics/Callithrix-omics.github.io,23487929533
264221410,datho7561/quarkus-ls,https://api.github.com/repos/datho7561/quarkus-ls,23487929573
472789273,Sooktoring/Sooktoring-Android,https://api.github.com/repos/Sooktoring/Sooktoring-Android,23487929349
487950724,edwardzuniga/holbertonschool-higher_level_programming,https://api.github.com/repos/edwardzuniga/holbertonschool-higher_level_programming,23487929578
432870871,livepeer/explorer,https://api.github.com/repos/livepeer/explorer,23487929597
523780252,tiller1010/silverstripe-spam-module,https://api.github.com/repos/tiller1010/silverstripe-spam-module,23487929522
525845966,Mahalderk/CV,https://api.github.com/repos/Mahalderk/CV,23487929560
522475355,markbush/Smalltalk-80-CompilerLib,https://api.github.com/repos/markbush/Smalltalk-80-CompilerLib,23487929536
280075452,product-os/jellyfish-worker,https://api.github.com/repos/product-os/jellyfish-worker,23487929501
524300625,chengzhong001/cpp-examples,https://api.github.com/repos/chengzhong001/cpp-examples,23487929523
502695999,kybru91/vscode-languageserver-node,https://api.github.com/repos/kybru91/vscode-languageserver-node,23487929494
381424857,fathozt/MyProject,https://api.github.com/repos/fathozt/MyProject,23487929532
525860418,ibrahimalangri/KUn,https://api.github.com/repos/ibrahimalangri/KUn,23487929508
507821009,web-application-app/gigosRate,https://api.github.com/repos/web-application-app/gigosRate,23487929447
525800293,DmytroKova/TUTORIAL,https://api.github.com/repos/DmytroKova/TUTORIAL,23487929496
55965971,brianway/algorithms-learning,https://api.github.com/repos/brianway/algorithms-learning,23487929420
266811533,wizche/lema-observatory,https://api.github.com/repos/wizche/lema-observatory,23487929439
406699027,adamsorbie/Stroke_Microbiota_reproducibility,https://api.github.com/repos/adamsorbie/Stroke_Microbiota_reproducibility,23487929452
501154542,justbecoder/react-router-middleware-plus,https://api.github.com/repos/justbecoder/react-router-middleware-plus,23487929428
239809522,stolostron/search-e2e-test,https://api.github.com/repos/stolostron/search-e2e-test,23487929425
